{
    "openapi": "3.0.3",
    "info": {
        "title": "Exam Paltform API",
        "description": "This is the **API documentation** for the `Exam Paltform` Project.",
        "license": {
            "name": "CC BY-NC-SA 4.0",
            "url": "https://creativecommons.org/licenses/by-nc-sa/4.0/"
        },
        "contact": {
            "name": "FAQ",
            "url": ""
        },
        "version": "1.0.0"
    },
    "servers": [
        {
            "url": "http://localhost:{port}/",
            "description": "This is a local URL, which depends on your program and may be modified at any time.",
            "variables": {
                "username": {
                    "default": "admin",
                    "description": "The username for authentication."
                },
                "port": {
                    "enum": ["5173", "5174", "5175", "5176", "5177", "5178", "5179", "5180",
                        "5181", "5182", "5183", "5184", "5185", "5186", "5187"],
                    "default": "5188",
                    "description": "The port number for the server, which depends on your program and may be modified at any time."
                }
            }
        }
    ],
    "paths": {
        "/api": {
            "post": {
                "tags": [
                    "api"
                ],
                "description": "This is a endpoint for the **basic API** functionality.",
                "requestBody": {
                    "content": {
                        "application/json": {
                            "schema": {
                                "oneOf": [
                                    {
                                        "type": "object",
                                        "description": "To get the user information.",
                                        "properties": {
                                            "type": {
                                                "type": "string",
                                                "description": "The type of the API request.",
                                                "default": "userInfo"
                                            }
                                        },
                                        "required": ["type"]
                                    },
                                    {
                                        "type": "object",
                                        "description": "To get the question pool information.",
                                        "properties": {
                                            "type": {
                                                "type": "string",
                                                "description": "The type of the API request.",
                                                "default": "getQuesPool"
                                            },
                                            "id": {
                                                "type": "integer",
                                                "description": "The ID of the test paper for which the question pool is required.",
                                                "example": 1
                                            }
                                        },
                                        "required": ["type"]
                                    }
                                ]
                            }
                        }
                    }
                },
                "responses": {
                    "200": {
                        "description": "An Object which depends on the field in the request's data.",
                        "content": {
                            "application/json": {
                                "schema": {
                                    "oneOf": [
                                        {
                                            "type": "object",
                                            "description": "The user information object.",
                                            "properties": {
                                                "id": {
                                                    "type": "integer",
                                                    "description": "The ID of the user for which the information is required.",
                                                    "example": 1
                                                },
                                                "name": {
                                                    "type": "string",
                                                    "description": "The name of the user.",
                                                    "example": "admin"
                                                },
                                                "password": {
                                                    "type": "string",
                                                    "description": "The hash of the user's password.",
                                                    "example": "1234567890"
                                                },
                                                "ip": {
                                                    "type": "string",
                                                    "description": "The IP address of the user.",
                                                    "example": "127.0.0.1"
                                                },
                                                "TPs": {
                                                    "type": "array",
                                                    "description": "The list of test papers of the user.",
                                                    "items": {
                                                        "type": "object",
                                                        "description": "The test paper object.",
                                                        "properties": {
                                                            "id": {
                                                                "type": "integer",
                                                                "description": "The ID of the test paper.",
                                                                "example": 1
                                                            },
                                                            "name": {
                                                                "type": "string",
                                                                "description": "The name of the test paper.",
                                                                "example": "English Test"
                                                            },
                                                            "desc": {
                                                                "type": "string",
                                                                "description": "The description of the test paper.",
                                                                "example": "This is a test paper for English."
                                                            },
                                                            "fileName": {
                                                                "type": "string",
                                                                "description": "The name of the image file which upload by the user.",
                                                                "example": "test.jpg"
                                                            },
                                                            "fileData": {
                                                                "type": "string",
                                                                "format": "base64",
                                                                "description": "The base64 encoded data of the image file which upload by the user.",
                                                                "example": "data:image/jpg;base64..."
                                                            },
                                                            "quesPoor": {
                                                                "type": "object",
                                                                "description": "The question pool of the test paper.",
                                                                "additionalProperties": {
                                                                    "type": "object",
                                                                    "properties": {
                                                                        "cnName": {
                                                                            "type": "string",
                                                                            "description": "The Chinese name of the question.",
                                                                            "enum": ["单选题", "多选题", "判断题"]
                                                                        },
                                                                        "questions": {
                                                                            "type": "array",
                                                                            "description": "The list of questions of the question pool."
                                                                        }
                                                                    },
                                                                    "enum": [
                                                                        "choice",
                                                                        "multichoice",
                                                                        "judgement",
                                                                        "other"
                                                                    ]
                                                                }
                                                            }
                                                        }
                                                    }
                                                }
                                            }
                                        },
                                        {
                                            "type": "object",
                                            "description": "The question pool object.",
                                            "properties": {
                                                "id": {
                                                    "type": "integer",
                                                    "description": "The Id of the test paper.",
                                                    "example": 1
                                                },
                                                "name": {
                                                    "type": "string",
                                                    "description": "The name of the test paper.",
                                                    "example": "English Test"
                                                },
                                                "desc": {
                                                    "type": "string",
                                                    "description": "The description of the test paper.",
                                                    "example": "This is a test paper for English."
                                                },
                                                "fileName": {
                                                    "type": "string",
                                                    "description": "The name of the image file which upload by the user.",
                                                    "example": "test.jpg"
                                                },
                                                "fileData": {
                                                    "type": "string",
                                                    "format": "base64",
                                                    "description": "The base64 encoded data of the image file which upload by the user.",
                                                    "example": "data:image/jpg;base64,R0lGODlhAQABAIAAAAAAAP///yH5BAEAAAAALAAAAAABAAEAAAIBRAA7"
                                                },
                                                "quesPool": {
                                                    "type": "object",
                                                    "description": "The question pool of the test paper."
                                                }
                                            }
                                        }
                                    ]
                                }
                            }
                        }
                    },
                    "default": {
                        "description": "error payload",
                        "content": {
                            "application/json": {
                                "schema": {
                                    "type": "object"
                                }
                            }
                        }
                    }
                }
            },
            "parameters": [
                {
                    "name": "type",
                    "in": "path",
                    "description": "The type of the API request.",
                    "required": true,
                    "schema": {
                        "type": "string"
                    },
                    "style": "simple"
                }
            ]
        },
        "/api/createTP": {
            "post": {
                "tags": ["createTP"],
                "description": "This is a endpoint for the **create test paper** functionality.",
                "requestBody": {
                    "content": {
                        "application/x-www-form-urlencoded": {
                            "schema": {
                                "type": "object",
                                "description": "To create a new test paper, required by form data.",
                                "properties": {
                                    "name": {
                                        "type": "string",
                                        "description": "The name of the test paper.",
                                        "example": "English Test"
                                    },
                                    "desc": {
                                        "type": "string",
                                        "description": "The description of the test paper.",
                                        "example": "This is a test paper for English."
                                    },
                                    "fileName": {
                                        "type": "string",
                                        "description": "The name of the image file which upload by the user.",
                                        "example": "test.jpg"
                                    },
                                    "fileData": {
                                        "type": "string",
                                        "format": "base64",
                                        "description": "The base64 encoded data of the image file which upload by the user.",
                                        "example": "data:image/jpg;base64..."
                                    }
                                }
                            }
                        }
                    }
                },
                "responses": {
                    "204": {
                        "description": "submit by form and don't need response data."
                    }
                }
            }
        },
        "/api/addQues": {
            "post": {
                "tags": ["addQues"],
                "description": "This is a endpoint for the **add question** functionality.",
                "requestBody": {
                    "content": {
                        "application/x-www-form-urlencoded": {
                            "schema": {
                                "type": "object",
                                "description": "To add a new question, required by form data.",
                                "properties": {
                                    "type": {
                                        "type": "string",
                                        "description": "The type of the question.",
                                        "enum": ["choice", "multichoice", "judgement", "other"]
                                    },
                                    "TPid": {
                                        "type": "integer",
                                        "description": "The ID of the test paper to which the question belongs.",
                                        "example": 1
                                    },
                                    "id": {
                                        "type": "integer",
                                        "description": "The ID of the question.",
                                        "example": 1
                                    },
                                    "question": {
                                        "type": "string",
                                        "description": "question content",
                                        "example": "Example question"
                                    },
                                    "answer": {
                                        "type": "string",
                                        "description": "answer content",
                                        "example": "Example answer"
                                    }
                                },
                                "additionalProperties": {
                                    "type": "string",
                                    "description": "mey be options for the question or other information",
                                    "example": "option A content"
                                }
                            }
                        }
                    }
                },
                "responses": {
                    "204": {
                        "description": "submit by form and don't need response data."
                    }
                }
            }
        },
        "/api/getQuesPool": {
            "post": {
                "tags": ["getQuesPool"],
                "description": "This is a endpoint for the **get question pool** functionality.",
                "requestBody": {
                    "content": {
                        "application/json": {
                            "schema": {
                                "type": "object",
                                "description": "To get the question pool of a test paper, required by JSON data.",
                                "properties": {
                                    "id": {
                                        "type": "integer",
                                        "description": "The ID of the test paper for which the question pool is required.",
                                        "example": 1
                                    },
                                    "type": {
                                        "type": "string",
                                        "description": "The type of the question's order.",
                                        "enum": ["normal", "random"]
                                    }
                                }
                            }
                        }
                    }
                },
                "responses": {
                    "200": {
                        "description": "An Object which contains the question pool of the test paper.",
                        "content": {
                            "application/json": {
                                "schema": {
                                    "type": "object",
                                    "description": "The question pool object.",
                                    "properties": {
                                        "id": {
                                            "type": "integer",
                                            "description": "The Id of the test paper.",
                                            "example": 1
                                        },
                                        "name": {
                                            "type": "string",
                                            "description": "The name of the test paper.",
                                            "example": "English Test"
                                        },
                                        "desc": {
                                            "type": "string",
                                            "description": "The description of the test paper.",
                                            "example": "This is a test paper for English."
                                        },
                                        "fileName": {
                                            "type": "string",
                                            "description": "The name of the image file which upload by the user.",
                                            "example": "test.jpg"
                                        },
                                        "fileData": {
                                            "type": "string",
                                            "format": "base64",
                                            "description": "The base64 encoded data of the image file which upload by the user.",
                                            "example": "data:image/jpg;base64,R0lGODlhAQABAIAAAAAAAP///yH5BAEAAAAALAAAAAABAAEAAAIBRAA7"
                                        },
                                        "quesPool": {
                                            "type": "object",
                                            "description": "The question pool of the test paper."
                                        }
                                    }
                                }
                            }
                        }
                    }
                }
            }
        }
    }
}
